<?xml version="1.0" encoding="UTF-8"?>
<elevation version="1.2.0">
  <params>
    <projection>
      <crs>GEOCCS["WGS 84",DATUM["World Geodetic System 1984 ensemble",SPHEROID["WGS 84",6378137,298.257223563,AUTHORITY["EPSG","7030"]],TOWGS84[0,0,0,0,0,0,0],AUTHORITY["EPSG","6326"]],PRIMEM["Greenwich",0,AUTHORITY["EPSG","8901"]],UNIT["metre",1,AUTHORITY["EPSG","9001"]],AUTHORITY["EPSG","4978"]]</crs>
      <transform>-0.9984710817012864 0.055276568329293771 0 18.115784185531083 -0.044003165179811482 -0.79483747387558035 0.60522484382024888 -6370709.1840918493 0.03345475243401614 0.604299504481696 0.79605457628403575 20581.643838507589 0 0 0 1</transform>
    </projection>
    <extent>
      <left>-29.87183802222831</left>
      <top>11.271512529426952</top>
      <right>34.196239657565279</right>
      <bottom>-10.774809150286533</bottom>
    </extent>
    <dimensions>
      <width>1485</width>
      <height>511</height>
      <tileWidth>4096</tileWidth>
      <tileHeight>4096</tileHeight>
    </dimensions>
    <levelCount>10</levelCount>
    <tileLevelCount>5</tileLevelCount>
    <nodataValue>-32767</nodataValue>
    <minValue>-1.67135012</minValue>
    <maxValue>1.41328764</maxValue>
  </params>
  <tiles>
    <tile x="0" y="0">
      <path>tile-0-0.tif</path>
    </tile>
    <tile x="0" y="0" level="5">
      <path>tile-l5-0-0.tif</path>
    </tile>
  </tiles>
  <meta>
    <property name="BuildDem/classes" value=""/>
    <property name="BuildDem/duration" value="1.62"/>
    <property name="BuildDem/flip_x" value="false"/>
    <property name="BuildDem/flip_y" value="false"/>
    <property name="BuildDem/flip_z" value="false"/>
    <property name="BuildDem/frames" value=""/>
    <property name="BuildDem/interpolation" value="1"/>
    <property name="BuildDem/max_workgroup_size" value="100"/>
    <property name="BuildDem/ram_used" value="21794816"/>
    <property name="BuildDem/replace_asset" value="false"/>
    <property name="BuildDem/resolution" value="0.0431434866530597"/>
    <property name="BuildDem/source_classes" value=""/>
    <property name="BuildDem/source_data" value="1"/>
    <property name="BuildDem/subdivide_task" value="true"/>
    <property name="BuildDem/workitem_size_tiles" value="10"/>
    <property name="BuildDepthMaps/downscale" value="1"/>
    <property name="BuildDepthMaps/duration" value="341.569"/>
    <property name="BuildDepthMaps/filter_mode" value="1"/>
    <property name="BuildDepthMaps/max_neighbors" value="16"/>
    <property name="BuildDepthMaps/max_workgroup_size" value="100"/>
    <property name="BuildDepthMaps/ram_used" value="29986816"/>
    <property name="BuildDepthMaps/reuse_depth" value="false"/>
    <property name="BuildDepthMaps/subdivide_task" value="true"/>
    <property name="BuildDepthMaps/workitem_size_cameras" value="20"/>
    <property name="Info/LastSavedDateTime" value="2024:07:03 07:55:20"/>
    <property name="Info/LastSavedSoftwareVersion" value="2.1.0.17343"/>
    <property name="Info/OriginalDateTime" value="2024:07:03 07:55:19"/>
    <property name="Info/OriginalSoftwareVersion" value="2.1.0.17343"/>
  </meta>
</elevation>
