<?xml version="1.0" encoding="UTF-8"?>
<orthomosaic version="1.2.0">
  <params>
    <projection>
      <crs>GEOCCS["WGS 84",DATUM["World Geodetic System 1984 ensemble",SPHEROID["WGS 84",6378137,298.257223563,AUTHORITY["EPSG","7030"]],TOWGS84[0,0,0,0,0,0,0],AUTHORITY["EPSG","6326"]],PRIMEM["Greenwich",0,AUTHORITY["EPSG","8901"]],UNIT["metre",1,AUTHORITY["EPSG","9001"]],AUTHORITY["EPSG","4978"]]</crs>
      <transform>0.99847118506587229 -0.055274701203647643 0 -1.6083413600572385 -0.044001678774348234 -0.79483755486700058 0.60522484552279188 -6370706.271645613 -0.033453622497296123 -0.60429956874045154 -0.79605457498962529 -20586.114924178459 0 0 0 1</transform>
    </projection>
    <extent>
      <left>-35.304940077185563</left>
      <top>14.052962007147382</top>
      <right>33.271071122814433</right>
      <bottom>-13.541369192852617</bottom>
    </extent>
    <dimensions>
      <width>1506</width>
      <height>606</height>
      <tileWidth>4096</tileWidth>
      <tileHeight>4096</tileHeight>
    </dimensions>
    <levelCount>10</levelCount>
    <tileLevelCount>5</tileLevelCount>
    <channelCount>1</channelCount>
    <dataType>uint8</dataType>
    <blendingMode>3</blendingMode>
    <refineSeamlines>false</refineSeamlines>
    <seamlinesDownscaleLevel>3</seamlinesDownscaleLevel>
    <holeFillingDepth>6</holeFillingDepth>
    <ghostingFilter>false</ghostingFilter>
  </params>
  <images>
    <block path="images0.zip"/>
  </images>
  <tiles>
    <tile x="0" y="0">
      <path>tile-0-0.tif</path>
      <mask>tile-0-0-p.tif</mask>
    </tile>
    <tile x="0" y="0" level="5">
      <path>tile-l5-0-0.tif</path>
    </tile>
  </tiles>
  <meta>
    <property name="BuildOrthomosaic/blending_mode" value="3"/>
    <property name="BuildOrthomosaic/cull_faces" value="false"/>
    <property name="BuildOrthomosaic/duration" value="1.756"/>
    <property name="BuildOrthomosaic/fill_holes" value="true"/>
    <property name="BuildOrthomosaic/flip_x" value="false"/>
    <property name="BuildOrthomosaic/flip_y" value="false"/>
    <property name="BuildOrthomosaic/flip_z" value="false"/>
    <property name="BuildOrthomosaic/ghosting_filter" value="false"/>
    <property name="BuildOrthomosaic/max_workgroup_size" value="100"/>
    <property name="BuildOrthomosaic/ram_used" value="23805952"/>
    <property name="BuildOrthomosaic/refine_seamlines" value="false"/>
    <property name="BuildOrthomosaic/replace_asset" value="false"/>
    <property name="BuildOrthomosaic/resolution" value="0"/>
    <property name="BuildOrthomosaic/resolution_x" value="0.045535199999999998"/>
    <property name="BuildOrthomosaic/resolution_y" value="0.045535199999999998"/>
    <property name="BuildOrthomosaic/subdivide_task" value="true"/>
    <property name="BuildOrthomosaic/surface_data" value="2"/>
    <property name="BuildOrthomosaic/workitem_size_cameras" value="20"/>
    <property name="BuildOrthomosaic/workitem_size_tiles" value="10"/>
    <property name="Info/LastSavedDateTime" value="2024:07:13 15:24:33"/>
    <property name="Info/LastSavedSoftwareVersion" value="2.1.0.17343"/>
    <property name="Info/OriginalDateTime" value="2024:07:04 21:21:39"/>
    <property name="Info/OriginalSoftwareVersion" value="2.1.0.17343"/>
  </meta>
</orthomosaic>
