<?xml version="1.0" encoding="UTF-8"?>
<document version="1.2.0">
  <chunks next_id="16">
    <chunk id="0" path="0/chunk.zip"/>
  </chunks>
  <meta>
    <property name="Info/LastSavedDateTime" value="2024:07:13 15:21:49"/>
    <property name="Info/LastSavedSoftwareVersion" value="2.1.0.17343"/>
    <property name="Info/OriginalDateTime" value="2024:06:26 09:58:28"/>
    <property name="Info/OriginalSoftwareName" value="Agisoft Metashape"/>
    <property name="Info/OriginalSoftwareVendor" value="Agisoft"/>
    <property name="Info/OriginalSoftwareVersion" value="2.1.0.17343"/>
    <property name="Project/AbsolutePaths" value="false"/>
  </meta>
</document>
