<?xml version="1.0" encoding="UTF-8"?>
<orthomosaic version="1.2.0">
  <images level_count="10">
    <image id="0">
      <extent>
        <left>-36.959550993174553</left>
        <top>10.33888720251883</top>
        <right>-15.258370493174553</right>
        <bottom>-10.326849297481168</bottom>
      </extent>
      <center>
        <x>-31.837786886142567</x>
        <y>-2.3428410012274981</y>
      </center>
      <pyramid>
        <level index="0" path="0/c0.tif" mask="0/m0.tif"/>
        <level index="1" path="1/c0.tif" mask="1/m0.tif"/>
        <level index="2" path="2/c0.tif" mask="2/m0.tif"/>
        <level index="3" path="3/c0.tif" mask="3/m0.tif"/>
        <level index="4" path="4/c0.tif" mask="4/m0.tif"/>
        <level index="5" path="5/c0.tif" mask="5/m0.tif"/>
        <level index="6" path="6/c0.tif" mask="6/m0.tif"/>
        <level index="7" path="7/c0.tif" mask="7/m0.tif"/>
        <level index="8" path="8/c0.tif" mask="8/m0.tif"/>
        <level index="9" path="9/c0.tif" mask="9/m0.tif"/>
      </pyramid>
    </image>
    <image id="1">
      <extent>
        <left>-34.500371493174555</left>
        <top>10.425174202518829</top>
        <right>-10.555728993174554</right>
        <bottom>-10.326849297481171</bottom>
      </extent>
      <center>
        <x>-27.56379040540196</x>
        <y>-2.2992212660610676</y>
      </center>
      <pyramid>
        <level index="0" path="0/c1.tif" mask="0/m1.tif"/>
        <level index="1" path="1/c1.tif" mask="1/m1.tif"/>
        <level index="2" path="2/c1.tif" mask="2/m1.tif"/>
        <level index="3" path="3/c1.tif" mask="3/m1.tif"/>
        <level index="4" path="4/c1.tif" mask="4/m1.tif"/>
        <level index="5" path="5/c1.tif" mask="5/m1.tif"/>
        <level index="6" path="6/c1.tif" mask="6/m1.tif"/>
        <level index="7" path="7/c1.tif" mask="7/m1.tif"/>
        <level index="8" path="8/c1.tif" mask="8/m1.tif"/>
        <level index="9" path="9/c1.tif" mask="9/m1.tif"/>
      </pyramid>
    </image>
    <image id="2">
      <extent>
        <left>-29.884016993174555</left>
        <top>10.425174202518829</top>
        <right>-5.8099439931745565</right>
        <bottom>-10.326849297481171</bottom>
      </extent>
      <center>
        <x>-23.047537661506794</x>
        <y>-2.3068169169127941</y>
      </center>
      <pyramid>
        <level index="0" path="0/c2.tif" mask="0/m2.tif"/>
        <level index="1" path="1/c2.tif" mask="1/m2.tif"/>
        <level index="2" path="2/c2.tif" mask="2/m2.tif"/>
        <level index="3" path="3/c2.tif" mask="3/m2.tif"/>
        <level index="4" path="4/c2.tif" mask="4/m2.tif"/>
        <level index="5" path="5/c2.tif" mask="5/m2.tif"/>
        <level index="6" path="6/c2.tif" mask="6/m2.tif"/>
        <level index="7" path="7/c2.tif" mask="7/m2.tif"/>
        <level index="8" path="8/c2.tif" mask="8/m2.tif"/>
        <level index="9" path="9/c2.tif" mask="9/m2.tif"/>
      </pyramid>
    </image>
    <image id="3">
      <extent>
        <left>-25.095088493174554</left>
        <top>10.597748202518829</top>
        <right>-0.67586749317455386</right>
        <bottom>-10.41313629748117</bottom>
      </extent>
      <center>
        <x>-18.188972279429436</x>
        <y>-2.3198586041107774</y>
      </center>
      <pyramid>
        <level index="0" path="0/c3.tif" mask="0/m3.tif"/>
        <level index="1" path="1/c3.tif" mask="1/m3.tif"/>
        <level index="2" path="2/c3.tif" mask="2/m3.tif"/>
        <level index="3" path="3/c3.tif" mask="3/m3.tif"/>
        <level index="4" path="4/c3.tif" mask="4/m3.tif"/>
        <level index="5" path="5/c3.tif" mask="5/m3.tif"/>
        <level index="6" path="6/c3.tif" mask="6/m3.tif"/>
        <level index="7" path="7/c3.tif" mask="7/m3.tif"/>
        <level index="8" path="8/c3.tif" mask="8/m3.tif"/>
        <level index="9" path="9/c3.tif" mask="9/m3.tif"/>
      </pyramid>
    </image>
    <image id="4">
      <extent>
        <left>-20.306159993174553</left>
        <top>10.640891702518829</top>
        <right>4.6307830068254461</right>
        <bottom>-10.585710297481171</bottom>
      </extent>
      <center>
        <x>-13.805701276520267</x>
        <y>-2.3790726251900196</y>
      </center>
      <pyramid>
        <level index="0" path="0/c4.tif" mask="0/m4.tif"/>
        <level index="1" path="1/c4.tif" mask="1/m4.tif"/>
        <level index="2" path="2/c4.tif" mask="2/m4.tif"/>
        <level index="3" path="3/c4.tif" mask="3/m4.tif"/>
        <level index="4" path="4/c4.tif" mask="4/m4.tif"/>
        <level index="5" path="5/c4.tif" mask="5/m4.tif"/>
        <level index="6" path="6/c4.tif" mask="6/m4.tif"/>
        <level index="7" path="7/c4.tif" mask="7/m4.tif"/>
        <level index="8" path="8/c4.tif" mask="8/m4.tif"/>
        <level index="9" path="9/c4.tif" mask="9/m4.tif"/>
      </pyramid>
    </image>
    <image id="6">
      <extent>
        <left>-10.685159493174552</left>
        <top>10.770322202518829</top>
        <right>14.294927006825446</right>
        <bottom>-10.844571297481169</bottom>
      </extent>
      <center>
        <x>-4.5341465788078494</x>
        <y>-2.3806448262184858</y>
      </center>
      <pyramid>
        <level index="0" path="0/c6.tif" mask="0/m6.tif"/>
        <level index="1" path="1/c6.tif" mask="1/m6.tif"/>
        <level index="2" path="2/c6.tif" mask="2/m6.tif"/>
        <level index="3" path="3/c6.tif" mask="3/m6.tif"/>
        <level index="4" path="4/c6.tif" mask="4/m6.tif"/>
        <level index="5" path="5/c6.tif" mask="5/m6.tif"/>
        <level index="6" path="6/c6.tif" mask="6/m6.tif"/>
        <level index="7" path="7/c6.tif" mask="7/m6.tif"/>
        <level index="8" path="8/c6.tif" mask="8/m6.tif"/>
        <level index="9" path="9/c6.tif" mask="9/m6.tif"/>
      </pyramid>
    </image>
    <image id="5">
      <extent>
        <left>-15.215226993174554</left>
        <top>10.640891702518829</top>
        <right>9.5922855068254478</right>
        <bottom>-10.801427797481171</bottom>
      </extent>
      <center>
        <x>-8.9103751209331676</x>
        <y>-2.424252038821578</y>
      </center>
      <pyramid>
        <level index="0" path="0/c5.tif" mask="0/m5.tif"/>
        <level index="1" path="1/c5.tif" mask="1/m5.tif"/>
        <level index="2" path="2/c5.tif" mask="2/m5.tif"/>
        <level index="3" path="3/c5.tif" mask="3/m5.tif"/>
        <level index="4" path="4/c5.tif" mask="4/m5.tif"/>
        <level index="5" path="5/c5.tif" mask="5/m5.tif"/>
        <level index="6" path="6/c5.tif" mask="6/m5.tif"/>
        <level index="7" path="7/c5.tif" mask="7/m5.tif"/>
        <level index="8" path="8/c5.tif" mask="8/m5.tif"/>
        <level index="9" path="9/c5.tif" mask="9/m5.tif"/>
      </pyramid>
    </image>
    <image id="7">
      <extent>
        <left>-5.4647959931745547</left>
        <top>11.115470202518829</top>
        <right>19.731008006825448</right>
        <bottom>-10.887714797481173</bottom>
      </extent>
      <center>
        <x>0.46799881593324244</x>
        <y>-2.3528854800388217</y>
      </center>
      <pyramid>
        <level index="0" path="0/c7.tif" mask="0/m7.tif"/>
        <level index="1" path="1/c7.tif" mask="1/m7.tif"/>
        <level index="2" path="2/c7.tif" mask="2/m7.tif"/>
        <level index="3" path="3/c7.tif" mask="3/m7.tif"/>
        <level index="4" path="4/c7.tif" mask="4/m7.tif"/>
        <level index="5" path="5/c7.tif" mask="5/m7.tif"/>
        <level index="6" path="6/c7.tif" mask="6/m7.tif"/>
        <level index="7" path="7/c7.tif" mask="7/m7.tif"/>
        <level index="8" path="8/c7.tif" mask="8/m7.tif"/>
        <level index="9" path="9/c7.tif" mask="9/m7.tif"/>
      </pyramid>
    </image>
    <image id="10">
      <extent>
        <left>9.505998506825442</left>
        <top>11.374331202518828</top>
        <right>31.336609506825443</right>
        <bottom>-10.930858297481169</bottom>
      </extent>
      <center>
        <x>15.109054374683183</x>
        <y>-2.3820728147402406</y>
      </center>
      <pyramid>
        <level index="0" path="0/c10.tif" mask="0/m10.tif"/>
        <level index="1" path="1/c10.tif" mask="1/m10.tif"/>
        <level index="2" path="2/c10.tif" mask="2/m10.tif"/>
        <level index="3" path="3/c10.tif" mask="3/m10.tif"/>
        <level index="4" path="4/c10.tif" mask="4/m10.tif"/>
        <level index="5" path="5/c10.tif" mask="5/m10.tif"/>
        <level index="6" path="6/c10.tif" mask="6/m10.tif"/>
        <level index="7" path="7/c10.tif" mask="7/m10.tif"/>
        <level index="8" path="8/c10.tif" mask="8/m10.tif"/>
        <level index="9" path="9/c10.tif" mask="9/m10.tif"/>
      </pyramid>
    </image>
    <image id="8">
      <extent>
        <left>-0.63272399317455097</left>
        <top>11.331187702518829</top>
        <right>24.778797506825448</right>
        <bottom>-10.974001797481169</bottom>
      </extent>
      <center>
        <x>5.1030938542680815</x>
        <y>-2.3408174458891153</y>
      </center>
      <pyramid>
        <level index="0" path="0/c8.tif" mask="0/m8.tif"/>
        <level index="1" path="1/c8.tif" mask="1/m8.tif"/>
        <level index="2" path="2/c8.tif" mask="2/m8.tif"/>
        <level index="3" path="3/c8.tif" mask="3/m8.tif"/>
        <level index="4" path="4/c8.tif" mask="4/m8.tif"/>
        <level index="5" path="5/c8.tif" mask="5/m8.tif"/>
        <level index="6" path="6/c8.tif" mask="6/m8.tif"/>
        <level index="7" path="7/c8.tif" mask="7/m8.tif"/>
        <level index="8" path="8/c8.tif" mask="8/m8.tif"/>
        <level index="9" path="9/c8.tif" mask="9/m8.tif"/>
      </pyramid>
    </image>
    <image id="9">
      <extent>
        <left>4.5444960068254474</left>
        <top>11.331187702518829</top>
        <right>29.869730506825448</right>
        <bottom>-11.017145297481171</bottom>
      </extent>
      <center>
        <x>10.380330685060471</x>
        <y>-2.382772296667099</y>
      </center>
      <pyramid>
        <level index="0" path="0/c9.tif" mask="0/m9.tif"/>
        <level index="1" path="1/c9.tif" mask="1/m9.tif"/>
        <level index="2" path="2/c9.tif" mask="2/m9.tif"/>
        <level index="3" path="3/c9.tif" mask="3/m9.tif"/>
        <level index="4" path="4/c9.tif" mask="4/m9.tif"/>
        <level index="5" path="5/c9.tif" mask="5/m9.tif"/>
        <level index="6" path="6/c9.tif" mask="6/m9.tif"/>
        <level index="7" path="7/c9.tif" mask="7/m9.tif"/>
        <level index="8" path="8/c9.tif" mask="8/m9.tif"/>
        <level index="9" path="9/c9.tif" mask="9/m9.tif"/>
      </pyramid>
    </image>
  </images>
</orthomosaic>
