<?xml version="1.0" encoding="UTF-8"?>
<point_cloud version="1.2.0">
  <params>
    <dataType>uint8</dataType>
    <bands>
      <band/>
    </bands>
  </params>
  <tracks path="tracks.ply" count="1769"/>
  <points component_id="0" path="points0.ply" count="1348"/>
  <projections camera_id="0" path="p0.ply" count="242"/>
  <projections camera_id="1" path="p1.ply" count="323"/>
  <projections camera_id="2" path="p2.ply" count="385"/>
  <projections camera_id="3" path="p3.ply" count="390"/>
  <projections camera_id="4" path="p4.ply" count="418"/>
  <projections camera_id="5" path="p5.ply" count="458"/>
  <projections camera_id="6" path="p6.ply" count="391"/>
  <projections camera_id="7" path="p7.ply" count="436"/>
  <projections camera_id="8" path="p8.ply" count="385"/>
  <projections camera_id="9" path="p9.ply" count="338"/>
  <projections camera_id="10" path="p10.ply" count="243"/>
  <meta>
    <property name="Info/LastSavedDateTime" value="2024:06:26 10:20:38"/>
    <property name="Info/LastSavedSoftwareVersion" value="2.1.0.17343"/>
    <property name="Info/OriginalDateTime" value="2024:06:26 10:04:04"/>
    <property name="Info/OriginalSoftwareVersion" value="2.1.0.17343"/>
    <property name="MatchPhotos/cameras" value=""/>
    <property name="MatchPhotos/descriptor_type" value="binary"/>
    <property name="MatchPhotos/descriptor_version" value="1.1.0"/>
    <property name="MatchPhotos/downscale" value="0"/>
    <property name="MatchPhotos/downscale_3d" value="1"/>
    <property name="MatchPhotos/duration" value="9.506"/>
    <property name="MatchPhotos/filter_stationary_points" value="true"/>
    <property name="MatchPhotos/generic_preselection" value="true"/>
    <property name="MatchPhotos/guided_matching" value="false"/>
    <property name="MatchPhotos/keep_keypoints" value="false"/>
    <property name="MatchPhotos/keypoint_limit" value="4000000"/>
    <property name="MatchPhotos/keypoint_limit_3d" value="100000"/>
    <property name="MatchPhotos/keypoint_limit_per_mpx" value="1000"/>
    <property name="MatchPhotos/laser_scans_vertical_axis" value="0"/>
    <property name="MatchPhotos/match_laser_scans" value="false"/>
    <property name="MatchPhotos/max_workgroup_size" value="100"/>
    <property name="MatchPhotos/ram_used" value="48160768"/>
    <property name="MatchPhotos/reference_preselection" value="true"/>
    <property name="MatchPhotos/reference_preselection_mode" value="0"/>
    <property name="MatchPhotos/reset_matches" value="false"/>
    <property name="MatchPhotos/subdivide_task" value="true"/>
    <property name="MatchPhotos/tiepoint_limit" value="400000"/>
    <property name="MatchPhotos/workitem_size_cameras" value="20"/>
    <property name="MatchPhotos/workitem_size_pairs" value="80"/>
  </meta>
</point_cloud>
