<?xml version="1.0" encoding="UTF-8"?>
<elevation version="1.2.0">
  <params>
    <projection>
      <crs>GEOCCS["WGS 84",DATUM["World Geodetic System 1984 ensemble",SPHEROID["WGS 84",6378137,298.257223563,AUTHORITY["EPSG","7030"]],TOWGS84[0,0,0,0,0,0,0],AUTHORITY["EPSG","6326"]],PRIMEM["Greenwich",0,AUTHORITY["EPSG","8901"]],UNIT["metre",1,AUTHORITY["EPSG","9001"]],AUTHORITY["EPSG","4978"]]</crs>
      <transform>0.99908208127063713 -0.040119840495858351 0.015013103693698703 19457.762898674911 0.039442088425540395 0.72482342940004274 -0.6878047090950995 6331075.7943033781 0.016712765915990503 0.68776550843390583 0.72574051069517165 709522.98762188014 0 0 0 1</transform>
    </projection>
    <extent>
      <left>-33.755700577628772</left>
      <top>11.053028900038004</top>
      <right>40.466660619075135</right>
      <bottom>-12.352059231928749</bottom>
    </extent>
    <dimensions>
      <width>1630</width>
      <height>514</height>
      <tileWidth>4096</tileWidth>
      <tileHeight>4096</tileHeight>
    </dimensions>
    <levelCount>10</levelCount>
    <tileLevelCount>5</tileLevelCount>
    <nodataValue>-32767</nodataValue>
    <minValue>-4.90656328</minValue>
    <maxValue>5.96287727</maxValue>
  </params>
  <tiles>
    <tile x="0" y="0">
      <path>tile-0-0.tif</path>
    </tile>
    <tile x="0" y="0" level="5">
      <path>tile-l5-0-0.tif</path>
    </tile>
  </tiles>
  <meta>
    <property name="BuildDem/duration" value="1.042"/>
    <property name="BuildDem/flip_x" value="false"/>
    <property name="BuildDem/flip_y" value="false"/>
    <property name="BuildDem/flip_z" value="false"/>
    <property name="BuildDem/interpolation" value="1"/>
    <property name="BuildDem/max_workgroup_size" value="100"/>
    <property name="BuildDem/ram_used" value="13717504"/>
    <property name="BuildDem/replace_asset" value="false"/>
    <property name="BuildDem/resolution" value="0.0455351909182233"/>
    <property name="BuildDem/source_data" value="1"/>
    <property name="BuildDem/subdivide_task" value="true"/>
    <property name="BuildDem/workitem_size_tiles" value="10"/>
    <property name="BuildDepthMaps/downscale" value="1"/>
    <property name="BuildDepthMaps/duration" value="431.244"/>
    <property name="BuildDepthMaps/filter_mode" value="1"/>
    <property name="BuildDepthMaps/max_neighbors" value="16"/>
    <property name="BuildDepthMaps/max_workgroup_size" value="100"/>
    <property name="BuildDepthMaps/ram_used" value="27213824"/>
    <property name="BuildDepthMaps/reuse_depth" value="false"/>
    <property name="BuildDepthMaps/subdivide_task" value="true"/>
    <property name="BuildDepthMaps/workitem_size_cameras" value="20"/>
    <property name="Info/LastSavedDateTime" value="2024:07:13 15:24:33"/>
    <property name="Info/LastSavedSoftwareVersion" value="2.1.0.17343"/>
    <property name="Info/OriginalDateTime" value="2024:06:26 11:14:21"/>
    <property name="Info/OriginalSoftwareVersion" value="2.1.0.17343"/>
  </meta>
</elevation>
