<?xml version="1.0" encoding="UTF-8"?>
<orthomosaic version="1.2.0">
  <params>
    <projection>
      <crs>GEOCCS["WGS 84",DATUM["World Geodetic System 1984 ensemble",SPHEROID["WGS 84",6378137,298.257223563,AUTHORITY["EPSG","7030"]],TOWGS84[0,0,0,0,0,0,0],AUTHORITY["EPSG","6326"]],PRIMEM["Greenwich",0,AUTHORITY["EPSG","8901"]],UNIT["metre",1,AUTHORITY["EPSG","9001"]],AUTHORITY["EPSG","4978"]]</crs>
      <transform>0.9984710817012864 -0.055276568329293771 0 -18.115784185531083 -0.044003165179811482 -0.79483747387558035 0.60522484382024888 -6370709.1840918493 -0.03345475243401614 -0.604299504481696 -0.79605457628403575 -20581.643838507589 0 0 0 1</transform>
    </projection>
    <extent>
      <left>-36.959550993174553</left>
      <top>13.876654202518829</top>
      <right>31.336609506825447</right>
      <bottom>-15.676643297481171</bottom>
    </extent>
    <dimensions>
      <width>1583</width>
      <height>685</height>
      <tileWidth>4096</tileWidth>
      <tileHeight>4096</tileHeight>
    </dimensions>
    <levelCount>10</levelCount>
    <tileLevelCount>5</tileLevelCount>
    <channelCount>1</channelCount>
    <dataType>uint8</dataType>
    <blendingMode>3</blendingMode>
    <refineSeamlines>false</refineSeamlines>
    <seamlinesDownscaleLevel>3</seamlinesDownscaleLevel>
    <holeFillingDepth>6</holeFillingDepth>
    <ghostingFilter>false</ghostingFilter>
  </params>
  <images>
    <block path="images0.zip"/>
  </images>
  <tiles>
    <tile x="0" y="0">
      <path>tile-0-0.tif</path>
      <mask>tile-0-0-p.tif</mask>
    </tile>
    <tile x="0" y="0" level="5">
      <path>tile-l5-0-0.tif</path>
    </tile>
  </tiles>
  <meta>
    <property name="BuildOrthomosaic/blending_mode" value="3"/>
    <property name="BuildOrthomosaic/cull_faces" value="false"/>
    <property name="BuildOrthomosaic/duration" value="1.82"/>
    <property name="BuildOrthomosaic/fill_holes" value="true"/>
    <property name="BuildOrthomosaic/flip_x" value="false"/>
    <property name="BuildOrthomosaic/flip_y" value="false"/>
    <property name="BuildOrthomosaic/flip_z" value="false"/>
    <property name="BuildOrthomosaic/ghosting_filter" value="false"/>
    <property name="BuildOrthomosaic/max_workgroup_size" value="100"/>
    <property name="BuildOrthomosaic/ram_used" value="27672576"/>
    <property name="BuildOrthomosaic/refine_seamlines" value="false"/>
    <property name="BuildOrthomosaic/replace_asset" value="false"/>
    <property name="BuildOrthomosaic/resolution" value="0"/>
    <property name="BuildOrthomosaic/resolution_x" value="0.043143500000000001"/>
    <property name="BuildOrthomosaic/resolution_y" value="0.043143500000000001"/>
    <property name="BuildOrthomosaic/subdivide_task" value="true"/>
    <property name="BuildOrthomosaic/surface_data" value="2"/>
    <property name="BuildOrthomosaic/workitem_size_cameras" value="20"/>
    <property name="BuildOrthomosaic/workitem_size_tiles" value="10"/>
    <property name="Info/LastSavedDateTime" value="2024:07:01 16:32:44"/>
    <property name="Info/LastSavedSoftwareVersion" value="2.1.0.17343"/>
    <property name="Info/OriginalDateTime" value="2024:07:01 16:32:43"/>
    <property name="Info/OriginalSoftwareVersion" value="2.1.0.17343"/>
  </meta>
</orthomosaic>
