<?xml version="1.0" encoding="UTF-8"?>
<model version="1.2.0">
  <mesh path="mesh.ply">
    <faceCount>68589</faceCount>
    <vertexCount>34332</vertexCount>
    <hasVertexColors>true</hasVertexColors>
    <hasVertexConfidence>true</hasVertexConfidence>
    <hasUV>true</hasUV>
  </mesh>
  <texture path="texture.tif"/>
  <params>
    <dataType>uint8</dataType>
    <bands>
      <band label="Red"/>
      <band label="Green"/>
      <band label="Blue"/>
    </bands>
    <color>#ff8080b0</color>
  </params>
  <meta>
    <property name="BuildDepthMaps/cameras" value=""/>
    <property name="BuildDepthMaps/downscale" value="1"/>
    <property name="BuildDepthMaps/duration" value="341.569"/>
    <property name="BuildDepthMaps/filter_mode" value="1"/>
    <property name="BuildDepthMaps/max_neighbors" value="16"/>
    <property name="BuildDepthMaps/max_workgroup_size" value="100"/>
    <property name="BuildDepthMaps/ram_used" value="29986816"/>
    <property name="BuildDepthMaps/reuse_depth" value="false"/>
    <property name="BuildDepthMaps/subdivide_task" value="true"/>
    <property name="BuildDepthMaps/workitem_size_cameras" value="20"/>
    <property name="BuildModel/blocks_size" value="250"/>
    <property name="BuildModel/build_texture" value="true"/>
    <property name="BuildModel/cameras" value=""/>
    <property name="BuildModel/classes" value=""/>
    <property name="BuildModel/clip_to_boundary" value="false"/>
    <property name="BuildModel/duration" value="25.284"/>
    <property name="BuildModel/export_blocks" value="false"/>
    <property name="BuildModel/face_count" value="3"/>
    <property name="BuildModel/face_count_custom" value="200000"/>
    <property name="BuildModel/frames" value=""/>
    <property name="BuildModel/interpolation" value="1"/>
    <property name="BuildModel/iters_max_level" value="11"/>
    <property name="BuildModel/keep_depth" value="true"/>
    <property name="BuildModel/max_workgroup_size" value="100"/>
    <property name="BuildModel/output_folder" value=""/>
    <property name="BuildModel/ram_used" value="436183040"/>
    <property name="BuildModel/replace_asset" value="false"/>
    <property name="BuildModel/source_data" value="6"/>
    <property name="BuildModel/split_in_blocks" value="false"/>
    <property name="BuildModel/subdivide_task" value="true"/>
    <property name="BuildModel/surface_type" value="0"/>
    <property name="BuildModel/trimming_radius" value="10"/>
    <property name="BuildModel/vertex_colors" value="true"/>
    <property name="BuildModel/vertex_confidence" value="true"/>
    <property name="BuildModel/volumetric_masks" value="false"/>
    <property name="BuildModel/workitem_size_cameras" value="20"/>
    <property name="BuildTexture/blending_mode" value="3"/>
    <property name="BuildTexture/cameras" value=""/>
    <property name="BuildTexture/duration" value="37.912"/>
    <property name="BuildTexture/fill_holes" value="true"/>
    <property name="BuildTexture/ghosting_filter" value="true"/>
    <property name="BuildTexture/max_workgroup_size" value="100"/>
    <property name="BuildTexture/ram_used" value="2150694912"/>
    <property name="BuildTexture/source_model" value="4294967295"/>
    <property name="BuildTexture/texture_size" value="8192"/>
    <property name="BuildTexture/texture_type" value="0"/>
    <property name="BuildTexture/transfer_texture" value="false"/>
    <property name="BuildTexture/workitem_size_cameras" value="20"/>
    <property name="BuildUV/camera" value="4294967295"/>
    <property name="BuildUV/duration" value="0.694"/>
    <property name="BuildUV/mapping_mode" value="3"/>
    <property name="BuildUV/page_count" value="0"/>
    <property name="BuildUV/pixel_size" value="0.043143500000000001"/>
    <property name="BuildUV/ram_used" value="5419008"/>
    <property name="BuildUV/texture_size" value="8192"/>
    <property name="Info/LastSavedDateTime" value="2024:06:26 10:47:40"/>
    <property name="Info/LastSavedSoftwareVersion" value="2.1.0.17343"/>
    <property name="Info/OriginalDateTime" value="2024:06:26 10:32:00"/>
    <property name="Info/OriginalSoftwareVersion" value="2.1.0.17343"/>
  </meta>
</model>
