<?xml version="1.0" encoding="UTF-8"?>
<orthomosaic version="1.2.0">
  <images level_count="10">
    <image id="0">
      <extent>
        <left>-35.25940487718556</left>
        <top>11.502990807147382</top>
        <right>-13.766790477185562</right>
        <bottom>-11.17353879285262</bottom>
      </extent>
      <center>
        <x>-25.115341649507172</x>
        <y>0.56785180978477001</y>
      </center>
      <pyramid>
        <level index="0" path="0/c0.tif" mask="0/m0.tif"/>
        <level index="1" path="1/c0.tif" mask="1/m0.tif"/>
        <level index="2" path="2/c0.tif" mask="2/m0.tif"/>
        <level index="3" path="3/c0.tif" mask="3/m0.tif"/>
        <level index="4" path="4/c0.tif" mask="4/m0.tif"/>
        <level index="5" path="5/c0.tif" mask="5/m0.tif"/>
        <level index="6" path="6/c0.tif" mask="6/m0.tif"/>
        <level index="7" path="7/c0.tif" mask="7/m0.tif"/>
        <level index="8" path="8/c0.tif" mask="8/m0.tif"/>
        <level index="9" path="9/c0.tif" mask="9/m0.tif"/>
      </pyramid>
    </image>
    <image id="1">
      <extent>
        <left>-33.756743277185564</left>
        <top>11.594061207147382</top>
        <right>-9.0766648771855643</right>
        <bottom>-11.12800359285262</bottom>
      </extent>
      <center>
        <x>-20.698092365462799</x>
        <y>0.60843240655958652</y>
      </center>
      <pyramid>
        <level index="0" path="0/c1.tif" mask="0/m1.tif"/>
        <level index="1" path="1/c1.tif" mask="1/m1.tif"/>
        <level index="2" path="2/c1.tif" mask="2/m1.tif"/>
        <level index="3" path="3/c1.tif" mask="3/m1.tif"/>
        <level index="4" path="4/c1.tif" mask="4/m1.tif"/>
        <level index="5" path="5/c1.tif" mask="5/m1.tif"/>
        <level index="6" path="6/c1.tif" mask="6/m1.tif"/>
        <level index="7" path="7/c1.tif" mask="7/m1.tif"/>
        <level index="8" path="8/c1.tif" mask="8/m1.tif"/>
        <level index="9" path="9/c1.tif" mask="9/m1.tif"/>
      </pyramid>
    </image>
    <image id="2">
      <extent>
        <left>-29.112152877185565</left>
        <top>11.548526007147382</top>
        <right>-4.1133280771855638</right>
        <bottom>-11.08246839285262</bottom>
      </extent>
      <center>
        <x>-16.055900804174598</x>
        <y>0.61816017888486385</y>
      </center>
      <pyramid>
        <level index="0" path="0/c2.tif" mask="0/m2.tif"/>
        <level index="1" path="1/c2.tif" mask="1/m2.tif"/>
        <level index="2" path="2/c2.tif" mask="2/m2.tif"/>
        <level index="3" path="3/c2.tif" mask="3/m2.tif"/>
        <level index="4" path="4/c2.tif" mask="4/m2.tif"/>
        <level index="5" path="5/c2.tif" mask="5/m2.tif"/>
        <level index="6" path="6/c2.tif" mask="6/m2.tif"/>
        <level index="7" path="7/c2.tif" mask="7/m2.tif"/>
        <level index="8" path="8/c2.tif" mask="8/m2.tif"/>
        <level index="9" path="9/c2.tif" mask="9/m2.tif"/>
      </pyramid>
    </image>
    <image id="3">
      <extent>
        <left>-23.784534477185566</left>
        <top>11.548526007147382</top>
        <right>1.077684722814432</right>
        <bottom>-10.991397992852617</bottom>
      </extent>
      <center>
        <x>-11.138696697773412</x>
        <y>0.58532383386045694</y>
      </center>
      <pyramid>
        <level index="0" path="0/c3.tif" mask="0/m3.tif"/>
        <level index="1" path="1/c3.tif" mask="1/m3.tif"/>
        <level index="2" path="2/c3.tif" mask="2/m3.tif"/>
        <level index="3" path="3/c3.tif" mask="3/m3.tif"/>
        <level index="4" path="4/c3.tif" mask="4/m3.tif"/>
        <level index="5" path="5/c3.tif" mask="5/m3.tif"/>
        <level index="6" path="6/c3.tif" mask="6/m3.tif"/>
        <level index="7" path="7/c3.tif" mask="7/m3.tif"/>
        <level index="8" path="8/c3.tif" mask="8/m3.tif"/>
        <level index="9" path="9/c3.tif" mask="9/m3.tif"/>
      </pyramid>
    </image>
    <image id="4">
      <extent>
        <left>-19.003338477185562</left>
        <top>11.548526007147382</top>
        <right>5.8588807228144368</right>
        <bottom>-10.991397992852617</bottom>
      </extent>
      <center>
        <x>-6.6353815872571431</x>
        <y>0.52673833910375834</y>
      </center>
      <pyramid>
        <level index="0" path="0/c4.tif" mask="0/m4.tif"/>
        <level index="1" path="1/c4.tif" mask="1/m4.tif"/>
        <level index="2" path="2/c4.tif" mask="2/m4.tif"/>
        <level index="3" path="3/c4.tif" mask="3/m4.tif"/>
        <level index="4" path="4/c4.tif" mask="4/m4.tif"/>
        <level index="5" path="5/c4.tif" mask="5/m4.tif"/>
        <level index="6" path="6/c4.tif" mask="6/m4.tif"/>
        <level index="7" path="7/c4.tif" mask="7/m4.tif"/>
        <level index="8" path="8/c4.tif" mask="8/m4.tif"/>
        <level index="9" path="9/c4.tif" mask="9/m4.tif"/>
      </pyramid>
    </image>
    <image id="5">
      <extent>
        <left>-13.812325677185566</left>
        <top>11.502990807147382</top>
        <right>11.186499122814435</right>
        <bottom>-11.036933192852617</bottom>
      </extent>
      <center>
        <x>-1.6676523569622077</x>
        <y>0.48282323032617569</y>
      </center>
      <pyramid>
        <level index="0" path="0/c5.tif" mask="0/m5.tif"/>
        <level index="1" path="1/c5.tif" mask="1/m5.tif"/>
        <level index="2" path="2/c5.tif" mask="2/m5.tif"/>
        <level index="3" path="3/c5.tif" mask="3/m5.tif"/>
        <level index="4" path="4/c5.tif" mask="4/m5.tif"/>
        <level index="5" path="5/c5.tif" mask="5/m5.tif"/>
        <level index="6" path="6/c5.tif" mask="6/m5.tif"/>
        <level index="7" path="7/c5.tif" mask="7/m5.tif"/>
        <level index="8" path="8/c5.tif" mask="8/m5.tif"/>
        <level index="9" path="9/c5.tif" mask="9/m5.tif"/>
      </pyramid>
    </image>
    <image id="6">
      <extent>
        <left>-9.1677352771855674</left>
        <top>11.639596407147383</top>
        <right>15.785554322814431</right>
        <bottom>-11.036933192852619</bottom>
      </extent>
      <center>
        <x>2.7112212476204149</x>
        <y>0.55040943156927824</y>
      </center>
      <pyramid>
        <level index="0" path="0/c6.tif" mask="0/m6.tif"/>
        <level index="1" path="1/c6.tif" mask="1/m6.tif"/>
        <level index="2" path="2/c6.tif" mask="2/m6.tif"/>
        <level index="3" path="3/c6.tif" mask="3/m6.tif"/>
        <level index="4" path="4/c6.tif" mask="4/m6.tif"/>
        <level index="5" path="5/c6.tif" mask="5/m6.tif"/>
        <level index="6" path="6/c6.tif" mask="6/m6.tif"/>
        <level index="7" path="7/c6.tif" mask="7/m6.tif"/>
        <level index="8" path="8/c6.tif" mask="8/m6.tif"/>
        <level index="9" path="9/c6.tif" mask="9/m6.tif"/>
      </pyramid>
    </image>
    <image id="7">
      <extent>
        <left>-3.8856520771855649</left>
        <top>11.912807607147382</top>
        <right>20.976567122814433</right>
        <bottom>-11.036933192852619</bottom>
      </extent>
      <center>
        <x>7.6704781732405536</x>
        <y>0.57386514917016029</y>
      </center>
      <pyramid>
        <level index="0" path="0/c7.tif" mask="0/m7.tif"/>
        <level index="1" path="1/c7.tif" mask="1/m7.tif"/>
        <level index="2" path="2/c7.tif" mask="2/m7.tif"/>
        <level index="3" path="3/c7.tif" mask="3/m7.tif"/>
        <level index="4" path="4/c7.tif" mask="4/m7.tif"/>
        <level index="5" path="5/c7.tif" mask="5/m7.tif"/>
        <level index="6" path="6/c7.tif" mask="6/m7.tif"/>
        <level index="7" path="7/c7.tif" mask="7/m7.tif"/>
        <level index="8" path="8/c7.tif" mask="8/m7.tif"/>
        <level index="9" path="9/c7.tif" mask="9/m7.tif"/>
      </pyramid>
    </image>
    <image id="10">
      <extent>
        <left>10.731147122814434</left>
        <top>11.912807607147382</top>
        <right>33.22553592281443</right>
        <bottom>-10.991397992852619</bottom>
      </extent>
      <center>
        <x>21.691923876001965</x>
        <y>0.53465789277106524</y>
      </center>
      <pyramid>
        <level index="0" path="0/c10.tif" mask="0/m10.tif"/>
        <level index="1" path="1/c10.tif" mask="1/m10.tif"/>
        <level index="2" path="2/c10.tif" mask="2/m10.tif"/>
        <level index="3" path="3/c10.tif" mask="3/m10.tif"/>
        <level index="4" path="4/c10.tif" mask="4/m10.tif"/>
        <level index="5" path="5/c10.tif" mask="5/m10.tif"/>
        <level index="6" path="6/c10.tif" mask="6/m10.tif"/>
        <level index="7" path="7/c10.tif" mask="7/m10.tif"/>
        <level index="8" path="8/c10.tif" mask="8/m10.tif"/>
        <level index="9" path="9/c10.tif" mask="9/m10.tif"/>
      </pyramid>
    </image>
    <image id="9">
      <extent>
        <left>6.1776271228144353</left>
        <top>11.912807607147382</top>
        <right>30.857705522814435</right>
        <bottom>-10.991397992852619</bottom>
      </extent>
      <center>
        <x>17.225969059683848</x>
        <y>0.52359119430184364</y>
      </center>
      <pyramid>
        <level index="0" path="0/c9.tif" mask="0/m9.tif"/>
        <level index="1" path="1/c9.tif" mask="1/m9.tif"/>
        <level index="2" path="2/c9.tif" mask="2/m9.tif"/>
        <level index="3" path="3/c9.tif" mask="3/m9.tif"/>
        <level index="4" path="4/c9.tif" mask="4/m9.tif"/>
        <level index="5" path="5/c9.tif" mask="5/m9.tif"/>
        <level index="6" path="6/c9.tif" mask="6/m9.tif"/>
        <level index="7" path="7/c9.tif" mask="7/m9.tif"/>
        <level index="8" path="8/c9.tif" mask="8/m9.tif"/>
        <level index="9" path="9/c9.tif" mask="9/m9.tif"/>
      </pyramid>
    </image>
    <image id="8">
      <extent>
        <left>0.89554392281443995</left>
        <top>11.912807607147382</top>
        <right>25.803298322814438</right>
        <bottom>-11.036933192852619</bottom>
      </extent>
      <center>
        <x>12.190628006239422</x>
        <y>0.55338992178440094</y>
      </center>
      <pyramid>
        <level index="0" path="0/c8.tif" mask="0/m8.tif"/>
        <level index="1" path="1/c8.tif" mask="1/m8.tif"/>
        <level index="2" path="2/c8.tif" mask="2/m8.tif"/>
        <level index="3" path="3/c8.tif" mask="3/m8.tif"/>
        <level index="4" path="4/c8.tif" mask="4/m8.tif"/>
        <level index="5" path="5/c8.tif" mask="5/m8.tif"/>
        <level index="6" path="6/c8.tif" mask="6/m8.tif"/>
        <level index="7" path="7/c8.tif" mask="7/m8.tif"/>
        <level index="8" path="8/c8.tif" mask="8/m8.tif"/>
        <level index="9" path="9/c8.tif" mask="9/m8.tif"/>
      </pyramid>
    </image>
  </images>
</orthomosaic>
