<?xml version="1.0" encoding="UTF-8"?>
<shapes version="1.2.0">
  <params>
    <projection>
      <crs>GEOCCS["WGS 84",DATUM["World Geodetic System 1984 ensemble",SPHEROID["WGS 84",6378137,298.257223563,AUTHORITY["EPSG","7030"]],TOWGS84[0,0,0,0,0,0,0],AUTHORITY["EPSG","6326"]],PRIMEM["Greenwich",0,AUTHORITY["EPSG","8901"]],UNIT["metre",1,AUTHORITY["EPSG","9001"]],AUTHORITY["EPSG","4978"]]</crs>
      <transform>0.99847118506587229 -0.055274701203647643 0 -1.6083413600572385 -0.044001678774348234 -0.79483755486700058 0.60522484552279188 -6370706.271645613 -0.033453622497296123 -0.60429956874045154 -0.79605457498962529 -20586.114924178459 0 0 0 1</transform>
    </projection>
  </params>
  <groups next_id="1">
    <group id="0" label="Layer" enabled="true" line_color="#e1e1e1"/>
  </groups>
  <shapes next_id="1">
    <shape id="0" group_id="0" type="polygon" boundary="outer" label="3">
      <vertices>-3.3244281612613229e+01 8.8362431287237371e+00 3.1480662948569034e+01 8.8362431287237371e+00 3.1480662948569034e+01 -3.0547696507836517e+00 -3.3244281612613229e+01 -3.0547696507836517e+00</vertices>
      <meta>
        <property name="DESCRIPTION" value="boundary"/>
      </meta>
    </shape>
  </shapes>
</shapes>
