<?xml version="1.0" encoding="UTF-8"?>
<depth_maps version="1.5.0">
  <depth_map camera_id="0" level="0" path="0/d0.exr">
    <calibration type="frame">
      <resolution width="640" height="512"/>
      <f>249.35828134118518</f>
      <cx>0.83498280858339058</cx>
      <cy>-23.661075116352123</cy>
    </calibration>
  </depth_map>
  <depth_map camera_id="0" level="1" path="1/d0.exr">
    <calibration type="frame">
      <resolution width="320" height="256"/>
      <f>124.67914067059259</f>
      <cx>0.41749140429169529</cx>
      <cy>-11.830537558176061</cy>
    </calibration>
  </depth_map>
  <depth_map camera_id="0" level="2" path="2/d0.exr">
    <calibration type="frame">
      <resolution width="160" height="128"/>
      <f>62.339570335296294</f>
      <cx>0.20874570214584764</cx>
      <cy>-5.9152687790880307</cy>
    </calibration>
  </depth_map>
  <depth_map camera_id="1" level="0" path="0/d1.exr">
    <calibration type="frame">
      <resolution width="640" height="512"/>
      <f>249.35828134118518</f>
      <cx>0.83498280858339058</cx>
      <cy>-23.661075116352123</cy>
    </calibration>
  </depth_map>
  <depth_map camera_id="1" level="1" path="1/d1.exr">
    <calibration type="frame">
      <resolution width="320" height="256"/>
      <f>124.67914067059259</f>
      <cx>0.41749140429169529</cx>
      <cy>-11.830537558176061</cy>
    </calibration>
  </depth_map>
  <depth_map camera_id="1" level="2" path="2/d1.exr">
    <calibration type="frame">
      <resolution width="160" height="128"/>
      <f>62.339570335296294</f>
      <cx>0.20874570214584764</cx>
      <cy>-5.9152687790880307</cy>
    </calibration>
  </depth_map>
  <depth_map camera_id="2" level="0" path="0/d2.exr">
    <calibration type="frame">
      <resolution width="640" height="512"/>
      <f>249.35828134118518</f>
      <cx>0.83498280858339058</cx>
      <cy>-23.661075116352123</cy>
    </calibration>
  </depth_map>
  <depth_map camera_id="2" level="1" path="1/d2.exr">
    <calibration type="frame">
      <resolution width="320" height="256"/>
      <f>124.67914067059259</f>
      <cx>0.41749140429169529</cx>
      <cy>-11.830537558176061</cy>
    </calibration>
  </depth_map>
  <depth_map camera_id="2" level="2" path="2/d2.exr">
    <calibration type="frame">
      <resolution width="160" height="128"/>
      <f>62.339570335296294</f>
      <cx>0.20874570214584764</cx>
      <cy>-5.9152687790880307</cy>
    </calibration>
  </depth_map>
  <depth_map camera_id="3" level="0" path="0/d3.exr">
    <calibration type="frame">
      <resolution width="640" height="512"/>
      <f>249.35828134118518</f>
      <cx>0.83498280858339058</cx>
      <cy>-23.661075116352123</cy>
    </calibration>
  </depth_map>
  <depth_map camera_id="3" level="1" path="1/d3.exr">
    <calibration type="frame">
      <resolution width="320" height="256"/>
      <f>124.67914067059259</f>
      <cx>0.41749140429169529</cx>
      <cy>-11.830537558176061</cy>
    </calibration>
  </depth_map>
  <depth_map camera_id="3" level="2" path="2/d3.exr">
    <calibration type="frame">
      <resolution width="160" height="128"/>
      <f>62.339570335296294</f>
      <cx>0.20874570214584764</cx>
      <cy>-5.9152687790880307</cy>
    </calibration>
  </depth_map>
  <depth_map camera_id="4" level="0" path="0/d4.exr">
    <calibration type="frame">
      <resolution width="640" height="512"/>
      <f>249.35828134118518</f>
      <cx>0.83498280858339058</cx>
      <cy>-23.661075116352123</cy>
    </calibration>
  </depth_map>
  <depth_map camera_id="4" level="1" path="1/d4.exr">
    <calibration type="frame">
      <resolution width="320" height="256"/>
      <f>124.67914067059259</f>
      <cx>0.41749140429169529</cx>
      <cy>-11.830537558176061</cy>
    </calibration>
  </depth_map>
  <depth_map camera_id="4" level="2" path="2/d4.exr">
    <calibration type="frame">
      <resolution width="160" height="128"/>
      <f>62.339570335296294</f>
      <cx>0.20874570214584764</cx>
      <cy>-5.9152687790880307</cy>
    </calibration>
  </depth_map>
  <depth_map camera_id="5" level="0" path="0/d5.exr">
    <calibration type="frame">
      <resolution width="640" height="512"/>
      <f>249.35828134118518</f>
      <cx>0.83498280858339058</cx>
      <cy>-23.661075116352123</cy>
    </calibration>
  </depth_map>
  <depth_map camera_id="5" level="1" path="1/d5.exr">
    <calibration type="frame">
      <resolution width="320" height="256"/>
      <f>124.67914067059259</f>
      <cx>0.41749140429169529</cx>
      <cy>-11.830537558176061</cy>
    </calibration>
  </depth_map>
  <depth_map camera_id="5" level="2" path="2/d5.exr">
    <calibration type="frame">
      <resolution width="160" height="128"/>
      <f>62.339570335296294</f>
      <cx>0.20874570214584764</cx>
      <cy>-5.9152687790880307</cy>
    </calibration>
  </depth_map>
  <depth_map camera_id="6" level="0" path="0/d6.exr">
    <calibration type="frame">
      <resolution width="640" height="512"/>
      <f>249.35828134118518</f>
      <cx>0.83498280858339058</cx>
      <cy>-23.661075116352123</cy>
    </calibration>
  </depth_map>
  <depth_map camera_id="6" level="1" path="1/d6.exr">
    <calibration type="frame">
      <resolution width="320" height="256"/>
      <f>124.67914067059259</f>
      <cx>0.41749140429169529</cx>
      <cy>-11.830537558176061</cy>
    </calibration>
  </depth_map>
  <depth_map camera_id="6" level="2" path="2/d6.exr">
    <calibration type="frame">
      <resolution width="160" height="128"/>
      <f>62.339570335296294</f>
      <cx>0.20874570214584764</cx>
      <cy>-5.9152687790880307</cy>
    </calibration>
  </depth_map>
  <depth_map camera_id="7" level="0" path="0/d7.exr">
    <calibration type="frame">
      <resolution width="640" height="512"/>
      <f>249.35828134118518</f>
      <cx>0.83498280858339058</cx>
      <cy>-23.661075116352123</cy>
    </calibration>
  </depth_map>
  <depth_map camera_id="7" level="1" path="1/d7.exr">
    <calibration type="frame">
      <resolution width="320" height="256"/>
      <f>124.67914067059259</f>
      <cx>0.41749140429169529</cx>
      <cy>-11.830537558176061</cy>
    </calibration>
  </depth_map>
  <depth_map camera_id="7" level="2" path="2/d7.exr">
    <calibration type="frame">
      <resolution width="160" height="128"/>
      <f>62.339570335296294</f>
      <cx>0.20874570214584764</cx>
      <cy>-5.9152687790880307</cy>
    </calibration>
  </depth_map>
  <depth_map camera_id="8" level="0" path="0/d8.exr">
    <calibration type="frame">
      <resolution width="640" height="512"/>
      <f>249.35828134118518</f>
      <cx>0.83498280858339058</cx>
      <cy>-23.661075116352123</cy>
    </calibration>
  </depth_map>
  <depth_map camera_id="8" level="1" path="1/d8.exr">
    <calibration type="frame">
      <resolution width="320" height="256"/>
      <f>124.67914067059259</f>
      <cx>0.41749140429169529</cx>
      <cy>-11.830537558176061</cy>
    </calibration>
  </depth_map>
  <depth_map camera_id="8" level="2" path="2/d8.exr">
    <calibration type="frame">
      <resolution width="160" height="128"/>
      <f>62.339570335296294</f>
      <cx>0.20874570214584764</cx>
      <cy>-5.9152687790880307</cy>
    </calibration>
  </depth_map>
  <depth_map camera_id="9" level="0" path="0/d9.exr">
    <calibration type="frame">
      <resolution width="640" height="512"/>
      <f>249.35828134118518</f>
      <cx>0.83498280858339058</cx>
      <cy>-23.661075116352123</cy>
    </calibration>
  </depth_map>
  <depth_map camera_id="9" level="1" path="1/d9.exr">
    <calibration type="frame">
      <resolution width="320" height="256"/>
      <f>124.67914067059259</f>
      <cx>0.41749140429169529</cx>
      <cy>-11.830537558176061</cy>
    </calibration>
  </depth_map>
  <depth_map camera_id="9" level="2" path="2/d9.exr">
    <calibration type="frame">
      <resolution width="160" height="128"/>
      <f>62.339570335296294</f>
      <cx>0.20874570214584764</cx>
      <cy>-5.9152687790880307</cy>
    </calibration>
  </depth_map>
  <depth_map camera_id="10" level="0" path="0/d10.exr">
    <calibration type="frame">
      <resolution width="640" height="512"/>
      <f>249.35828134118518</f>
      <cx>0.83498280858339058</cx>
      <cy>-23.661075116352123</cy>
    </calibration>
  </depth_map>
  <depth_map camera_id="10" level="1" path="1/d10.exr">
    <calibration type="frame">
      <resolution width="320" height="256"/>
      <f>124.67914067059259</f>
      <cx>0.41749140429169529</cx>
      <cy>-11.830537558176061</cy>
    </calibration>
  </depth_map>
  <depth_map camera_id="10" level="2" path="2/d10.exr">
    <calibration type="frame">
      <resolution width="160" height="128"/>
      <f>62.339570335296294</f>
      <cx>0.20874570214584764</cx>
      <cy>-5.9152687790880307</cy>
    </calibration>
  </depth_map>
</depth_maps>
