<?xml version="1.0" encoding="UTF-8"?>
<depth_maps version="1.5.0">
  <depth_map camera_id="0" level="0" path="0/d0.exr">
    <calibration type="frame">
      <resolution width="640" height="512"/>
      <f>373.72435874832263</f>
      <cx>-125.85546343899702</cx>
      <cy>40.017148876758881</cy>
    </calibration>
  </depth_map>
  <depth_map camera_id="0" level="1" path="1/d0.exr">
    <calibration type="frame">
      <resolution width="320" height="256"/>
      <f>186.86217937416131</f>
      <cx>-62.92773171949851</cx>
      <cy>20.008574438379441</cy>
    </calibration>
  </depth_map>
  <depth_map camera_id="0" level="2" path="2/d0.exr">
    <calibration type="frame">
      <resolution width="160" height="128"/>
      <f>93.431089687080657</f>
      <cx>-31.463865859749255</cx>
      <cy>10.00428721918972</cy>
    </calibration>
  </depth_map>
  <depth_map camera_id="1" level="0" path="0/d1.exr">
    <calibration type="frame">
      <resolution width="640" height="512"/>
      <f>373.72435874832263</f>
      <cx>-125.85546343899702</cx>
      <cy>40.017148876758881</cy>
    </calibration>
  </depth_map>
  <depth_map camera_id="1" level="1" path="1/d1.exr">
    <calibration type="frame">
      <resolution width="320" height="256"/>
      <f>186.86217937416131</f>
      <cx>-62.92773171949851</cx>
      <cy>20.008574438379441</cy>
    </calibration>
  </depth_map>
  <depth_map camera_id="1" level="2" path="2/d1.exr">
    <calibration type="frame">
      <resolution width="160" height="128"/>
      <f>93.431089687080657</f>
      <cx>-31.463865859749255</cx>
      <cy>10.00428721918972</cy>
    </calibration>
  </depth_map>
  <depth_map camera_id="2" level="0" path="0/d2.exr">
    <calibration type="frame">
      <resolution width="640" height="512"/>
      <f>373.72435874832263</f>
      <cx>-125.85546343899702</cx>
      <cy>40.017148876758881</cy>
    </calibration>
  </depth_map>
  <depth_map camera_id="2" level="1" path="1/d2.exr">
    <calibration type="frame">
      <resolution width="320" height="256"/>
      <f>186.86217937416131</f>
      <cx>-62.92773171949851</cx>
      <cy>20.008574438379441</cy>
    </calibration>
  </depth_map>
  <depth_map camera_id="2" level="2" path="2/d2.exr">
    <calibration type="frame">
      <resolution width="160" height="128"/>
      <f>93.431089687080657</f>
      <cx>-31.463865859749255</cx>
      <cy>10.00428721918972</cy>
    </calibration>
  </depth_map>
  <depth_map camera_id="3" level="0" path="0/d3.exr">
    <calibration type="frame">
      <resolution width="640" height="512"/>
      <f>373.72435874832263</f>
      <cx>-125.85546343899702</cx>
      <cy>40.017148876758881</cy>
    </calibration>
  </depth_map>
  <depth_map camera_id="3" level="1" path="1/d3.exr">
    <calibration type="frame">
      <resolution width="320" height="256"/>
      <f>186.86217937416131</f>
      <cx>-62.92773171949851</cx>
      <cy>20.008574438379441</cy>
    </calibration>
  </depth_map>
  <depth_map camera_id="3" level="2" path="2/d3.exr">
    <calibration type="frame">
      <resolution width="160" height="128"/>
      <f>93.431089687080657</f>
      <cx>-31.463865859749255</cx>
      <cy>10.00428721918972</cy>
    </calibration>
  </depth_map>
  <depth_map camera_id="4" level="0" path="0/d4.exr">
    <calibration type="frame">
      <resolution width="640" height="512"/>
      <f>373.72435874832263</f>
      <cx>-125.85546343899702</cx>
      <cy>40.017148876758881</cy>
    </calibration>
  </depth_map>
  <depth_map camera_id="4" level="1" path="1/d4.exr">
    <calibration type="frame">
      <resolution width="320" height="256"/>
      <f>186.86217937416131</f>
      <cx>-62.92773171949851</cx>
      <cy>20.008574438379441</cy>
    </calibration>
  </depth_map>
  <depth_map camera_id="4" level="2" path="2/d4.exr">
    <calibration type="frame">
      <resolution width="160" height="128"/>
      <f>93.431089687080657</f>
      <cx>-31.463865859749255</cx>
      <cy>10.00428721918972</cy>
    </calibration>
  </depth_map>
  <depth_map camera_id="5" level="0" path="0/d5.exr">
    <calibration type="frame">
      <resolution width="640" height="512"/>
      <f>373.72435874832263</f>
      <cx>-125.85546343899702</cx>
      <cy>40.017148876758881</cy>
    </calibration>
  </depth_map>
  <depth_map camera_id="5" level="1" path="1/d5.exr">
    <calibration type="frame">
      <resolution width="320" height="256"/>
      <f>186.86217937416131</f>
      <cx>-62.92773171949851</cx>
      <cy>20.008574438379441</cy>
    </calibration>
  </depth_map>
  <depth_map camera_id="5" level="2" path="2/d5.exr">
    <calibration type="frame">
      <resolution width="160" height="128"/>
      <f>93.431089687080657</f>
      <cx>-31.463865859749255</cx>
      <cy>10.00428721918972</cy>
    </calibration>
  </depth_map>
  <depth_map camera_id="6" level="0" path="0/d6.exr">
    <calibration type="frame">
      <resolution width="640" height="512"/>
      <f>373.72435874832263</f>
      <cx>-125.85546343899702</cx>
      <cy>40.017148876758881</cy>
    </calibration>
  </depth_map>
  <depth_map camera_id="6" level="1" path="1/d6.exr">
    <calibration type="frame">
      <resolution width="320" height="256"/>
      <f>186.86217937416131</f>
      <cx>-62.92773171949851</cx>
      <cy>20.008574438379441</cy>
    </calibration>
  </depth_map>
  <depth_map camera_id="6" level="2" path="2/d6.exr">
    <calibration type="frame">
      <resolution width="160" height="128"/>
      <f>93.431089687080657</f>
      <cx>-31.463865859749255</cx>
      <cy>10.00428721918972</cy>
    </calibration>
  </depth_map>
  <depth_map camera_id="7" level="0" path="0/d7.exr">
    <calibration type="frame">
      <resolution width="640" height="512"/>
      <f>373.72435874832263</f>
      <cx>-125.85546343899702</cx>
      <cy>40.017148876758881</cy>
    </calibration>
  </depth_map>
  <depth_map camera_id="7" level="1" path="1/d7.exr">
    <calibration type="frame">
      <resolution width="320" height="256"/>
      <f>186.86217937416131</f>
      <cx>-62.92773171949851</cx>
      <cy>20.008574438379441</cy>
    </calibration>
  </depth_map>
  <depth_map camera_id="7" level="2" path="2/d7.exr">
    <calibration type="frame">
      <resolution width="160" height="128"/>
      <f>93.431089687080657</f>
      <cx>-31.463865859749255</cx>
      <cy>10.00428721918972</cy>
    </calibration>
  </depth_map>
  <depth_map camera_id="8" level="0" path="0/d8.exr">
    <calibration type="frame">
      <resolution width="640" height="512"/>
      <f>373.72435874832263</f>
      <cx>-125.85546343899702</cx>
      <cy>40.017148876758881</cy>
    </calibration>
  </depth_map>
  <depth_map camera_id="8" level="1" path="1/d8.exr">
    <calibration type="frame">
      <resolution width="320" height="256"/>
      <f>186.86217937416131</f>
      <cx>-62.92773171949851</cx>
      <cy>20.008574438379441</cy>
    </calibration>
  </depth_map>
  <depth_map camera_id="8" level="2" path="2/d8.exr">
    <calibration type="frame">
      <resolution width="160" height="128"/>
      <f>93.431089687080657</f>
      <cx>-31.463865859749255</cx>
      <cy>10.00428721918972</cy>
    </calibration>
  </depth_map>
  <depth_map camera_id="9" level="0" path="0/d9.exr">
    <calibration type="frame">
      <resolution width="640" height="512"/>
      <f>373.72435874832263</f>
      <cx>-125.85546343899702</cx>
      <cy>40.017148876758881</cy>
    </calibration>
  </depth_map>
  <depth_map camera_id="9" level="1" path="1/d9.exr">
    <calibration type="frame">
      <resolution width="320" height="256"/>
      <f>186.86217937416131</f>
      <cx>-62.92773171949851</cx>
      <cy>20.008574438379441</cy>
    </calibration>
  </depth_map>
  <depth_map camera_id="9" level="2" path="2/d9.exr">
    <calibration type="frame">
      <resolution width="160" height="128"/>
      <f>93.431089687080657</f>
      <cx>-31.463865859749255</cx>
      <cy>10.00428721918972</cy>
    </calibration>
  </depth_map>
  <depth_map camera_id="10" level="0" path="0/d10.exr">
    <calibration type="frame">
      <resolution width="640" height="512"/>
      <f>373.72435874832263</f>
      <cx>-125.85546343899702</cx>
      <cy>40.017148876758881</cy>
    </calibration>
  </depth_map>
  <depth_map camera_id="10" level="1" path="1/d10.exr">
    <calibration type="frame">
      <resolution width="320" height="256"/>
      <f>186.86217937416131</f>
      <cx>-62.92773171949851</cx>
      <cy>20.008574438379441</cy>
    </calibration>
  </depth_map>
  <depth_map camera_id="10" level="2" path="2/d10.exr">
    <calibration type="frame">
      <resolution width="160" height="128"/>
      <f>93.431089687080657</f>
      <cx>-31.463865859749255</cx>
      <cy>10.00428721918972</cy>
    </calibration>
  </depth_map>
</depth_maps>
