<?xml version="1.0" encoding="UTF-8"?>
<frame version="1.2.0">
  <cameras>
    <camera camera_id="0">
      <photo path="../../../../../../2.Metrics/input/GTF/GTF-fused_5.JPG">
        <meta>
          <property name="DJI/AbsoluteAltitude" value="394.723846"/>
          <property name="DJI/FlightPitchDegree" value="0.700000"/>
          <property name="DJI/FlightRollDegree" value="-0.400000"/>
          <property name="DJI/FlightYawDegree" value="-179.000000"/>
          <property name="DJI/GimbalPitchDegree" value="-89.900002"/>
          <property name="DJI/GimbalRollDegree" value="0.000000"/>
          <property name="DJI/GimbalYawDegree" value="1.600000"/>
          <property name="DJI/RelativeAltitude" value="41.099998"/>
          <property name="DJI/RtkFlag" value="0"/>
          <property name="Exif/ApertureValue" value="0"/>
          <property name="Exif/DateTime" value="2020:08:24 09:01:09"/>
          <property name="Exif/DateTimeOriginal" value="2020:08:24 09:01:09"/>
          <property name="Exif/ExposureTime" value="0.01"/>
          <property name="Exif/FNumber" value="1.3"/>
          <property name="Exif/FocalLength" value="19"/>
          <property name="Exif/FocalPlaneXResolution" value="10.880000000000001"/>
          <property name="Exif/FocalPlaneYResolution" value="8.7040000000000006"/>
          <property name="Exif/GPSAltitude" value="394.7"/>
          <property name="Exif/GPSImgDirection" value="0"/>
          <property name="Exif/GPSLatitude" value="37.2450218204489"/>
          <property name="Exif/GPSLongitude" value="-93.1688842773438"/>
          <property name="Exif/ISOSpeedRatings" value="128"/>
          <property name="Exif/LensModel" value="FOL19"/>
          <property name="Exif/Make" value="DJI"/>
          <property name="Exif/Model" value="XT2"/>
          <property name="Exif/Orientation" value="1"/>
          <property name="Exif/ShutterSpeedValue" value="6.64386"/>
          <property name="Exif/Software" value="V06.02.17"/>
          <property name="File/ImageHeight" value="512"/>
          <property name="File/ImageWidth" value="640"/>
          <property name="System/FileModifyDate" value="2024:05:26 18:16:07"/>
          <property name="System/FileSize" value="112972"/>
        </meta>
      </photo>
    </camera>
    <camera camera_id="1">
      <photo path="../../../../../../2.Metrics/input/GTF/GTF-fused_6.JPG">
        <meta>
          <property name="DJI/AbsoluteAltitude" value="394.723846"/>
          <property name="DJI/FlightPitchDegree" value="0.300000"/>
          <property name="DJI/FlightRollDegree" value="-0.600000"/>
          <property name="DJI/FlightYawDegree" value="-179.100006"/>
          <property name="DJI/GimbalPitchDegree" value="-90.000000"/>
          <property name="DJI/GimbalRollDegree" value="0.000000"/>
          <property name="DJI/GimbalYawDegree" value="1.600000"/>
          <property name="DJI/RelativeAltitude" value="41.099998"/>
          <property name="DJI/RtkFlag" value="0"/>
          <property name="Exif/ApertureValue" value="0"/>
          <property name="Exif/DateTime" value="2020:08:24 09:01:11"/>
          <property name="Exif/DateTimeOriginal" value="2020:08:24 09:01:11"/>
          <property name="Exif/ExposureTime" value="0.01"/>
          <property name="Exif/FNumber" value="1.3"/>
          <property name="Exif/FocalLength" value="19"/>
          <property name="Exif/FocalPlaneXResolution" value="10.880000000000001"/>
          <property name="Exif/FocalPlaneYResolution" value="8.7040000000000006"/>
          <property name="Exif/GPSAltitude" value="394.7"/>
          <property name="Exif/GPSImgDirection" value="0"/>
          <property name="Exif/GPSLatitude" value="37.2450218204489"/>
          <property name="Exif/GPSLongitude" value="-93.1688385008927"/>
          <property name="Exif/ISOSpeedRatings" value="128"/>
          <property name="Exif/LensModel" value="FOL19"/>
          <property name="Exif/Make" value="DJI"/>
          <property name="Exif/Model" value="XT2"/>
          <property name="Exif/Orientation" value="1"/>
          <property name="Exif/ShutterSpeedValue" value="6.64386"/>
          <property name="Exif/Software" value="V06.02.17"/>
          <property name="File/ImageHeight" value="512"/>
          <property name="File/ImageWidth" value="640"/>
          <property name="System/FileModifyDate" value="2024:05:26 18:16:11"/>
          <property name="System/FileSize" value="108463"/>
        </meta>
      </photo>
    </camera>
    <camera camera_id="2">
      <photo path="../../../../../../2.Metrics/input/GTF/GTF-fused_7.JPG">
        <meta>
          <property name="DJI/AbsoluteAltitude" value="394.623840"/>
          <property name="DJI/FlightPitchDegree" value="0.500000"/>
          <property name="DJI/FlightRollDegree" value="-1.400000"/>
          <property name="DJI/FlightYawDegree" value="-179.300003"/>
          <property name="DJI/GimbalPitchDegree" value="-90.000000"/>
          <property name="DJI/GimbalRollDegree" value="0.000000"/>
          <property name="DJI/GimbalYawDegree" value="1.600000"/>
          <property name="DJI/RelativeAltitude" value="41.000000"/>
          <property name="DJI/RtkFlag" value="0"/>
          <property name="Exif/ApertureValue" value="0"/>
          <property name="Exif/DateTime" value="2020:08:24 09:01:13"/>
          <property name="Exif/DateTimeOriginal" value="2020:08:24 09:01:13"/>
          <property name="Exif/ExposureTime" value="0.01"/>
          <property name="Exif/FNumber" value="1.3"/>
          <property name="Exif/FocalLength" value="19"/>
          <property name="Exif/FocalPlaneXResolution" value="10.880000000000001"/>
          <property name="Exif/FocalPlaneYResolution" value="8.7040000000000006"/>
          <property name="Exif/GPSAltitude" value="394.6"/>
          <property name="Exif/GPSImgDirection" value="0"/>
          <property name="Exif/GPSLatitude" value="37.2450218204489"/>
          <property name="Exif/GPSLongitude" value="-93.1687850951078"/>
          <property name="Exif/ISOSpeedRatings" value="128"/>
          <property name="Exif/LensModel" value="FOL19"/>
          <property name="Exif/Make" value="DJI"/>
          <property name="Exif/Model" value="XT2"/>
          <property name="Exif/Orientation" value="1"/>
          <property name="Exif/ShutterSpeedValue" value="6.64386"/>
          <property name="Exif/Software" value="V06.02.17"/>
          <property name="File/ImageHeight" value="512"/>
          <property name="File/ImageWidth" value="640"/>
          <property name="System/FileModifyDate" value="2024:05:26 18:16:15"/>
          <property name="System/FileSize" value="111365"/>
        </meta>
      </photo>
    </camera>
    <camera camera_id="3">
      <photo path="../../../../../../2.Metrics/input/GTF/GTF-fused_8.JPG">
        <meta>
          <property name="DJI/AbsoluteAltitude" value="394.623840"/>
          <property name="DJI/FlightPitchDegree" value="0.300000"/>
          <property name="DJI/FlightRollDegree" value="-0.900000"/>
          <property name="DJI/FlightYawDegree" value="-179.100006"/>
          <property name="DJI/GimbalPitchDegree" value="-90.000000"/>
          <property name="DJI/GimbalRollDegree" value="0.000000"/>
          <property name="DJI/GimbalYawDegree" value="1.500000"/>
          <property name="DJI/RelativeAltitude" value="41.000000"/>
          <property name="DJI/RtkFlag" value="0"/>
          <property name="Exif/ApertureValue" value="0"/>
          <property name="Exif/DateTime" value="2020:08:24 09:01:15"/>
          <property name="Exif/DateTimeOriginal" value="2020:08:24 09:01:15"/>
          <property name="Exif/ExposureTime" value="0.01"/>
          <property name="Exif/FNumber" value="1.3"/>
          <property name="Exif/FocalLength" value="19"/>
          <property name="Exif/FocalPlaneXResolution" value="10.880000000000001"/>
          <property name="Exif/FocalPlaneYResolution" value="8.7040000000000006"/>
          <property name="Exif/GPSAltitude" value="394.6"/>
          <property name="Exif/GPSImgDirection" value="0"/>
          <property name="Exif/GPSLatitude" value="37.2450218204489"/>
          <property name="Exif/GPSLongitude" value="-93.1687316895547"/>
          <property name="Exif/ISOSpeedRatings" value="128"/>
          <property name="Exif/LensModel" value="FOL19"/>
          <property name="Exif/Make" value="DJI"/>
          <property name="Exif/Model" value="XT2"/>
          <property name="Exif/Orientation" value="1"/>
          <property name="Exif/ShutterSpeedValue" value="6.64386"/>
          <property name="Exif/Software" value="V06.02.17"/>
          <property name="File/ImageHeight" value="512"/>
          <property name="File/ImageWidth" value="640"/>
          <property name="System/FileModifyDate" value="2024:05:26 18:16:18"/>
          <property name="System/FileSize" value="107116"/>
        </meta>
      </photo>
    </camera>
    <camera camera_id="4">
      <photo path="../../../../../../2.Metrics/input/GTF/GTF-fused_9.JPG">
        <meta>
          <property name="DJI/AbsoluteAltitude" value="394.723846"/>
          <property name="DJI/FlightPitchDegree" value="0.800000"/>
          <property name="DJI/FlightRollDegree" value="-0.500000"/>
          <property name="DJI/FlightYawDegree" value="-178.800003"/>
          <property name="DJI/GimbalPitchDegree" value="-90.000000"/>
          <property name="DJI/GimbalRollDegree" value="0.000000"/>
          <property name="DJI/GimbalYawDegree" value="1.500000"/>
          <property name="DJI/RelativeAltitude" value="41.099998"/>
          <property name="DJI/RtkFlag" value="0"/>
          <property name="Exif/ApertureValue" value="0"/>
          <property name="Exif/DateTime" value="2020:08:24 09:01:17"/>
          <property name="Exif/DateTimeOriginal" value="2020:08:24 09:01:17"/>
          <property name="Exif/ExposureTime" value="0.01"/>
          <property name="Exif/FNumber" value="1.3"/>
          <property name="Exif/FocalLength" value="19"/>
          <property name="Exif/FocalPlaneXResolution" value="10.880000000000001"/>
          <property name="Exif/FocalPlaneYResolution" value="8.7040000000000006"/>
          <property name="Exif/GPSAltitude" value="394.7"/>
          <property name="Exif/GPSImgDirection" value="0"/>
          <property name="Exif/GPSLatitude" value="37.2450218204489"/>
          <property name="Exif/GPSLongitude" value="-93.1686782837792"/>
          <property name="Exif/ISOSpeedRatings" value="128"/>
          <property name="Exif/LensModel" value="FOL19"/>
          <property name="Exif/Make" value="DJI"/>
          <property name="Exif/Model" value="XT2"/>
          <property name="Exif/Orientation" value="1"/>
          <property name="Exif/ShutterSpeedValue" value="6.64386"/>
          <property name="Exif/Software" value="V06.02.17"/>
          <property name="File/ImageHeight" value="512"/>
          <property name="File/ImageWidth" value="640"/>
          <property name="System/FileModifyDate" value="2024:05:26 18:16:21"/>
          <property name="System/FileSize" value="110947"/>
        </meta>
      </photo>
    </camera>
    <camera camera_id="5">
      <photo path="../../../../../../2.Metrics/input/GTF/GTF-fused_10.JPG">
        <meta>
          <property name="DJI/AbsoluteAltitude" value="394.623840"/>
          <property name="DJI/FlightPitchDegree" value="0.700000"/>
          <property name="DJI/FlightRollDegree" value="-0.800000"/>
          <property name="DJI/FlightYawDegree" value="-179.100006"/>
          <property name="DJI/GimbalPitchDegree" value="-90.000000"/>
          <property name="DJI/GimbalRollDegree" value="0.000000"/>
          <property name="DJI/GimbalYawDegree" value="1.500000"/>
          <property name="DJI/RelativeAltitude" value="41.000000"/>
          <property name="DJI/RtkFlag" value="0"/>
          <property name="Exif/ApertureValue" value="0"/>
          <property name="Exif/DateTime" value="2020:08:24 09:01:19"/>
          <property name="Exif/DateTimeOriginal" value="2020:08:24 09:01:19"/>
          <property name="Exif/ExposureTime" value="0.01"/>
          <property name="Exif/FNumber" value="1.3"/>
          <property name="Exif/FocalLength" value="19"/>
          <property name="Exif/FocalPlaneXResolution" value="10.880000000000001"/>
          <property name="Exif/FocalPlaneYResolution" value="8.7040000000000006"/>
          <property name="Exif/GPSAltitude" value="394.6"/>
          <property name="Exif/GPSImgDirection" value="0"/>
          <property name="Exif/GPSLatitude" value="37.2450180053233"/>
          <property name="Exif/GPSLongitude" value="-93.1686248780148"/>
          <property name="Exif/ISOSpeedRatings" value="128"/>
          <property name="Exif/LensModel" value="FOL19"/>
          <property name="Exif/Make" value="DJI"/>
          <property name="Exif/Model" value="XT2"/>
          <property name="Exif/Orientation" value="1"/>
          <property name="Exif/ShutterSpeedValue" value="6.64386"/>
          <property name="Exif/Software" value="V06.02.17"/>
          <property name="File/ImageHeight" value="512"/>
          <property name="File/ImageWidth" value="640"/>
          <property name="System/FileModifyDate" value="2024:05:26 18:16:24"/>
          <property name="System/FileSize" value="110052"/>
        </meta>
      </photo>
    </camera>
    <camera camera_id="6">
      <photo path="../../../../../../2.Metrics/input/GTF/GTF-fused_11.JPG">
        <meta>
          <property name="DJI/AbsoluteAltitude" value="394.723846"/>
          <property name="DJI/FlightPitchDegree" value="0.200000"/>
          <property name="DJI/FlightRollDegree" value="-1.300000"/>
          <property name="DJI/FlightYawDegree" value="-179.000000"/>
          <property name="DJI/GimbalPitchDegree" value="-89.900002"/>
          <property name="DJI/GimbalRollDegree" value="0.000000"/>
          <property name="DJI/GimbalYawDegree" value="1.500000"/>
          <property name="DJI/RelativeAltitude" value="41.099998"/>
          <property name="DJI/RtkFlag" value="0"/>
          <property name="Exif/ApertureValue" value="0"/>
          <property name="Exif/DateTime" value="2020:08:24 09:01:21"/>
          <property name="Exif/DateTimeOriginal" value="2020:08:24 09:01:21"/>
          <property name="Exif/ExposureTime" value="0.01"/>
          <property name="Exif/FNumber" value="1.3"/>
          <property name="Exif/FocalLength" value="19"/>
          <property name="Exif/FocalPlaneXResolution" value="10.880000000000001"/>
          <property name="Exif/FocalPlaneYResolution" value="8.7040000000000006"/>
          <property name="Exif/GPSAltitude" value="394.7"/>
          <property name="Exif/GPSImgDirection" value="0"/>
          <property name="Exif/GPSLatitude" value="37.2450180053233"/>
          <property name="Exif/GPSLongitude" value="-93.1685714722146"/>
          <property name="Exif/ISOSpeedRatings" value="128"/>
          <property name="Exif/LensModel" value="FOL19"/>
          <property name="Exif/Make" value="DJI"/>
          <property name="Exif/Model" value="XT2"/>
          <property name="Exif/Orientation" value="1"/>
          <property name="Exif/ShutterSpeedValue" value="6.64386"/>
          <property name="Exif/Software" value="V06.02.17"/>
          <property name="File/ImageHeight" value="512"/>
          <property name="File/ImageWidth" value="640"/>
          <property name="System/FileModifyDate" value="2024:05:26 18:16:26"/>
          <property name="System/FileSize" value="106510"/>
        </meta>
      </photo>
    </camera>
    <camera camera_id="7">
      <photo path="../../../../../../2.Metrics/input/GTF/GTF-fused_12.JPG">
        <meta>
          <property name="DJI/AbsoluteAltitude" value="394.723846"/>
          <property name="DJI/FlightPitchDegree" value="0.000000"/>
          <property name="DJI/FlightRollDegree" value="-1.200000"/>
          <property name="DJI/FlightYawDegree" value="-178.899994"/>
          <property name="DJI/GimbalPitchDegree" value="-89.900002"/>
          <property name="DJI/GimbalRollDegree" value="0.000000"/>
          <property name="DJI/GimbalYawDegree" value="1.500000"/>
          <property name="DJI/RelativeAltitude" value="41.099998"/>
          <property name="DJI/RtkFlag" value="0"/>
          <property name="Exif/ApertureValue" value="0"/>
          <property name="Exif/DateTime" value="2020:08:24 09:01:23"/>
          <property name="Exif/DateTimeOriginal" value="2020:08:24 09:01:23"/>
          <property name="Exif/ExposureTime" value="0.01"/>
          <property name="Exif/FNumber" value="1.3"/>
          <property name="Exif/FocalLength" value="19"/>
          <property name="Exif/FocalPlaneXResolution" value="10.880000000000001"/>
          <property name="Exif/FocalPlaneYResolution" value="8.7040000000000006"/>
          <property name="Exif/GPSAltitude" value="394.7"/>
          <property name="Exif/GPSImgDirection" value="0"/>
          <property name="Exif/GPSLatitude" value="37.2450180053233"/>
          <property name="Exif/GPSLongitude" value="-93.1685180664464"/>
          <property name="Exif/ISOSpeedRatings" value="128"/>
          <property name="Exif/LensModel" value="FOL19"/>
          <property name="Exif/Make" value="DJI"/>
          <property name="Exif/Model" value="XT2"/>
          <property name="Exif/Orientation" value="1"/>
          <property name="Exif/ShutterSpeedValue" value="6.64386"/>
          <property name="Exif/Software" value="V06.02.17"/>
          <property name="File/ImageHeight" value="512"/>
          <property name="File/ImageWidth" value="640"/>
          <property name="System/FileModifyDate" value="2024:05:26 18:16:28"/>
          <property name="System/FileSize" value="113634"/>
        </meta>
      </photo>
    </camera>
    <camera camera_id="8">
      <photo path="../../../../../../2.Metrics/input/GTF/GTF-fused_13.JPG">
        <meta>
          <property name="DJI/AbsoluteAltitude" value="394.623840"/>
          <property name="DJI/FlightPitchDegree" value="0.000000"/>
          <property name="DJI/FlightRollDegree" value="-1.100000"/>
          <property name="DJI/FlightYawDegree" value="-178.899994"/>
          <property name="DJI/GimbalPitchDegree" value="-89.900002"/>
          <property name="DJI/GimbalRollDegree" value="0.000000"/>
          <property name="DJI/GimbalYawDegree" value="1.500000"/>
          <property name="DJI/RelativeAltitude" value="41.000000"/>
          <property name="DJI/RtkFlag" value="0"/>
          <property name="Exif/ApertureValue" value="0"/>
          <property name="Exif/DateTime" value="2020:08:24 09:01:25"/>
          <property name="Exif/DateTimeOriginal" value="2020:08:24 09:01:25"/>
          <property name="Exif/ExposureTime" value="0.01"/>
          <property name="Exif/FNumber" value="1.3"/>
          <property name="Exif/FocalLength" value="19"/>
          <property name="Exif/FocalPlaneXResolution" value="10.880000000000001"/>
          <property name="Exif/FocalPlaneYResolution" value="8.7040000000000006"/>
          <property name="Exif/GPSAltitude" value="394.6"/>
          <property name="Exif/GPSImgDirection" value="0"/>
          <property name="Exif/GPSLatitude" value="37.2450180053233"/>
          <property name="Exif/GPSLongitude" value="-93.1684646606564"/>
          <property name="Exif/ISOSpeedRatings" value="128"/>
          <property name="Exif/LensModel" value="FOL19"/>
          <property name="Exif/Make" value="DJI"/>
          <property name="Exif/Model" value="XT2"/>
          <property name="Exif/Orientation" value="1"/>
          <property name="Exif/ShutterSpeedValue" value="6.64386"/>
          <property name="Exif/Software" value="V06.02.17"/>
          <property name="File/ImageHeight" value="512"/>
          <property name="File/ImageWidth" value="640"/>
          <property name="System/FileModifyDate" value="2024:05:26 18:16:30"/>
          <property name="System/FileSize" value="107333"/>
        </meta>
      </photo>
    </camera>
    <camera camera_id="9">
      <photo path="../../../../../../2.Metrics/input/GTF/GTF-fused_14.JPG">
        <meta>
          <property name="DJI/AbsoluteAltitude" value="394.623840"/>
          <property name="DJI/FlightPitchDegree" value="0.100000"/>
          <property name="DJI/FlightRollDegree" value="-0.900000"/>
          <property name="DJI/FlightYawDegree" value="-179.100006"/>
          <property name="DJI/GimbalPitchDegree" value="-89.900002"/>
          <property name="DJI/GimbalRollDegree" value="0.000000"/>
          <property name="DJI/GimbalYawDegree" value="1.500000"/>
          <property name="DJI/RelativeAltitude" value="41.000000"/>
          <property name="DJI/RtkFlag" value="0"/>
          <property name="Exif/ApertureValue" value="0"/>
          <property name="Exif/DateTime" value="2020:08:24 09:01:27"/>
          <property name="Exif/DateTimeOriginal" value="2020:08:24 09:01:27"/>
          <property name="Exif/ExposureTime" value="0.01"/>
          <property name="Exif/FNumber" value="1.3"/>
          <property name="Exif/FocalLength" value="19"/>
          <property name="Exif/FocalPlaneXResolution" value="10.880000000000001"/>
          <property name="Exif/FocalPlaneYResolution" value="8.7040000000000006"/>
          <property name="Exif/GPSAltitude" value="394.6"/>
          <property name="Exif/GPSImgDirection" value="0"/>
          <property name="Exif/GPSLatitude" value="37.2450180053233"/>
          <property name="Exif/GPSLongitude" value="-93.1684112548828"/>
          <property name="Exif/ISOSpeedRatings" value="128"/>
          <property name="Exif/LensModel" value="FOL19"/>
          <property name="Exif/Make" value="DJI"/>
          <property name="Exif/Model" value="XT2"/>
          <property name="Exif/Orientation" value="1"/>
          <property name="Exif/ShutterSpeedValue" value="6.64386"/>
          <property name="Exif/Software" value="V06.02.17"/>
          <property name="File/ImageHeight" value="512"/>
          <property name="File/ImageWidth" value="640"/>
          <property name="System/FileModifyDate" value="2024:05:26 18:16:32"/>
          <property name="System/FileSize" value="111283"/>
        </meta>
      </photo>
    </camera>
    <camera camera_id="10">
      <photo path="../../../../../../2.Metrics/input/GTF/GTF-fused_15.JPG">
        <meta>
          <property name="DJI/AbsoluteAltitude" value="394.623840"/>
          <property name="DJI/FlightPitchDegree" value="0.600000"/>
          <property name="DJI/FlightRollDegree" value="-0.800000"/>
          <property name="DJI/FlightYawDegree" value="-178.899994"/>
          <property name="DJI/GimbalPitchDegree" value="-90.000000"/>
          <property name="DJI/GimbalRollDegree" value="0.000000"/>
          <property name="DJI/GimbalYawDegree" value="1.500000"/>
          <property name="DJI/RelativeAltitude" value="41.000000"/>
          <property name="DJI/RtkFlag" value="0"/>
          <property name="Exif/ApertureValue" value="0"/>
          <property name="Exif/DateTime" value="2020:08:24 09:01:29"/>
          <property name="Exif/DateTimeOriginal" value="2020:08:24 09:01:29"/>
          <property name="Exif/ExposureTime" value="0.01"/>
          <property name="Exif/FNumber" value="1.3"/>
          <property name="Exif/FocalLength" value="19"/>
          <property name="Exif/FocalPlaneXResolution" value="10.880000000000001"/>
          <property name="Exif/FocalPlaneYResolution" value="8.7040000000000006"/>
          <property name="Exif/GPSAltitude" value="394.6"/>
          <property name="Exif/GPSImgDirection" value="0"/>
          <property name="Exif/GPSLatitude" value="37.2450141911069"/>
          <property name="Exif/GPSLongitude" value="-93.1683578490964"/>
          <property name="Exif/ISOSpeedRatings" value="128"/>
          <property name="Exif/LensModel" value="FOL19"/>
          <property name="Exif/Make" value="DJI"/>
          <property name="Exif/Model" value="XT2"/>
          <property name="Exif/Orientation" value="1"/>
          <property name="Exif/ShutterSpeedValue" value="6.64386"/>
          <property name="Exif/Software" value="V06.02.17"/>
          <property name="File/ImageHeight" value="512"/>
          <property name="File/ImageWidth" value="640"/>
          <property name="System/FileModifyDate" value="2024:05:26 18:16:35"/>
          <property name="System/FileSize" value="99875"/>
        </meta>
      </photo>
    </camera>
  </cameras>
  <thumbnails path="thumbnails/thumbnails.zip"/>
  <point_cloud path="point_cloud/point_cloud.zip"/>
  <depth_maps id="0" path="depth_maps/depth_maps.zip"/>
  <dense_cloud id="0" path="dense_cloud/dense_cloud.zip"/>
  <model id="0" path="model/model.zip"/>
  <elevation id="0" path="elevation/elevation.zip"/>
  <orthomosaic id="1" path="orthomosaic.1/orthomosaic.zip"/>
  <shapes path="shapes/shapes.zip"/>
</frame>
